group,metric,control,treatment,effect,se,lower,upper
All,net,0.04858613,0.02288200,-0.02570413,0.00163702,-0.02891268,-0.02249558
All,gross,0.05459115,0.03092162,-0.02366954,0.00207817,-0.02774275,-0.01959633
All,completion,0.92339184,0.89430504,-0.02908680,0.00264689,-0.03427471,-0.02389889
Device present,net,0.03362930,0.02055332,-0.01307598,0.00183638,-0.01667528,-0.00947669
Device present,gross,0.03778573,0.02777475,-0.01001098,0.00235375,-0.01462432,-0.00539763
Device present,completion,0.92391227,0.90231437,-0.02159790,0.00316666,-0.02780456,-0.01539124
Device missing,net,0.07759858,0.02746030,-0.05013828,0.00323395,-0.05647683,-0.04379973
Device missing,gross,0.08718941,0.03710851,-0.05008090,0.00405885,-0.05803626,-0.04212555
Device missing,completion,0.92238613,0.87882745,-0.04355868,0.00477489,-0.05291746,-0.03419991
