model,population,n,roc_auc,pr_auc,brier,log_loss
Production proxy,High,2256,0.87274346,0.54866892,0.07485640,0.25152093
Production proxy,Low,1344,0.53780092,0.20401169,0.15872260,0.52475323
Same-information challenger,High,2256,0.86850588,0.54819716,0.07530805,0.25427824
Same-information challenger,Low,1344,0.51918002,0.20158344,0.15476338,0.50107597
Additional authorization signal,High,2256,0.86724677,0.54257902,0.07543086,0.25535569
Additional authorization signal,Low,1344,0.74654283,0.45365410,0.13199461,0.43133558
Specialized low-observability,Low,1344,0.78751029,0.50314638,0.12604607,0.41048599
Remaining-information diagnostic,Masked high,2256,0.72131120,0.25927464,0.09789837,0.33313126
Remaining-information diagnostic,Natural low,1344,0.53699268,0.20371228,0.15393127,0.49503471
