scenario,seed,policy,value,ending_backlog,miss_rate,average_saturation
Base,0,fixed_0.2,-3122242.13382803,2606,0.12874079,0.20000000
Base,0,fixed_0.5,-2213427.73998808,1617,0.07292282,0.50000000
Base,0,fixed_0.8,-1749513.38262951,1278,0.03699060,0.80000000
Base,0,adaptive,-1749513.38262951,1278,0.03699060,0.80000000
Base,0,delayed,-1749513.38262951,1278,0.03699060,0.80000000
Base,1,fixed_0.2,-3010551.49093386,2632,0.12180871,0.20000000
Base,1,fixed_0.5,-2167388.92014714,1700,0.06817778,0.50000000
Base,1,fixed_0.8,-1708719.21425805,1346,0.03230673,0.80000000
Base,1,adaptive,-1708719.21425805,1346,0.03230673,0.80000000
Base,1,delayed,-1708719.21425805,1346,0.03230673,0.80000000
Base,2,fixed_0.2,-3039238.96096454,2672,0.12102279,0.20000000
Base,2,fixed_0.5,-2153445.09943689,1693,0.06737715,0.50000000
Base,2,fixed_0.8,-1716652.93066688,1361,0.03250298,0.80000000
Base,2,adaptive,-1716652.93066688,1361,0.03250298,0.80000000
Base,2,delayed,-1716652.93066688,1361,0.03250298,0.80000000
Base,3,fixed_0.2,-3047738.29061535,2620,0.12111801,0.20000000
Base,3,fixed_0.5,-2174783.92511046,1662,0.06668644,0.50000000
Base,3,fixed_0.8,-1749120.13300376,1314,0.03312590,0.80000000
Base,3,adaptive,-1749120.13300376,1314,0.03312590,0.80000000
Base,3,delayed,-1749120.13300376,1314,0.03312590,0.80000000
Base,4,fixed_0.2,-3062500.81471918,2710,0.12033543,0.20000000
Base,4,fixed_0.5,-2198616.26977869,1694,0.06996225,0.50000000
Base,4,fixed_0.8,-1742991.35048465,1333,0.03481746,0.80000000
Base,4,adaptive,-1742991.35048465,1333,0.03481746,0.80000000
Base,4,delayed,-1742991.35048465,1333,0.03481746,0.80000000
Base,5,fixed_0.2,-3081565.96840218,2571,0.12979737,0.20000000
Base,5,fixed_0.5,-2223141.94582616,1595,0.07439385,0.50000000
Base,5,fixed_0.8,-1779245.26177065,1232,0.03980412,0.80000000
Base,5,adaptive,-1779245.26177065,1232,0.03980412,0.80000000
Base,5,delayed,-1779245.26177065,1232,0.03980412,0.80000000
Base,6,fixed_0.2,-3071631.85755879,2631,0.12473152,0.20000000
Base,6,fixed_0.5,-2248827.02078636,1721,0.07178945,0.50000000
Base,6,fixed_0.8,-1788614.08326865,1359,0.03710633,0.80000000
Base,6,adaptive,-1788614.08326865,1359,0.03710633,0.80000000
Base,6,delayed,-1788614.08326865,1359,0.03710633,0.80000000
Base,7,fixed_0.2,-3078650.62114890,2635,0.12652805,0.20000000
Base,7,fixed_0.5,-2187855.59631537,1659,0.07466196,0.50000000
Base,7,fixed_0.8,-1749625.67986784,1297,0.04025212,0.80000000
Base,7,adaptive,-1749625.67986784,1297,0.04025212,0.80000000
Base,7,delayed,-1749625.67986784,1297,0.04025212,0.80000000
Base,8,fixed_0.2,-3033705.17151067,2667,0.12041170,0.20000000
Base,8,fixed_0.5,-2161218.02008586,1684,0.06601149,0.50000000
Base,8,fixed_0.8,-1706992.57652710,1295,0.03141328,0.80000000
Base,8,adaptive,-1706992.57652710,1295,0.03141328,0.80000000
Base,8,delayed,-1706992.57652710,1295,0.03141328,0.80000000
Base,9,fixed_0.2,-3107207.40769386,2634,0.12962577,0.20000000
Base,9,fixed_0.5,-2223196.38975549,1815,0.06636908,0.50000000
Base,9,fixed_0.8,-1774905.30676943,1483,0.03068783,0.80000000
Base,9,adaptive,-1774905.30676943,1483,0.03068783,0.80000000
Base,9,delayed,-1774905.30676943,1483,0.03068783,0.80000000
Base,10,fixed_0.2,-3030766.85945575,2659,0.12127581,0.20000000
Base,10,fixed_0.5,-2157285.89342682,1608,0.07196970,0.50000000
Base,10,fixed_0.8,-1711574.68015923,1257,0.03673931,0.80000000
Base,10,adaptive,-1711574.68015923,1257,0.03673931,0.80000000
Base,10,delayed,-1711574.68015923,1257,0.03673931,0.80000000
Base,11,fixed_0.2,-3029503.77072527,2658,0.12213540,0.20000000
Base,11,fixed_0.5,-2178714.77994235,1657,0.07143701,0.50000000
Base,11,fixed_0.8,-1740412.37203691,1293,0.03654714,0.80000000
Base,11,adaptive,-1740412.37203691,1293,0.03654714,0.80000000
Base,11,delayed,-1740412.37203691,1293,0.03654714,0.80000000
High displacement,0,fixed_0.2,-3169053.08557550,2626,0.13359274,0.20000000
High displacement,0,fixed_0.5,-2461421.68761309,2142,0.08594939,0.50000000
High displacement,0,fixed_0.8,-2337857.98468942,2565,0.07447578,0.80000000
High displacement,0,adaptive,-2337857.98468942,2565,0.07447578,0.80000000
High displacement,0,delayed,-2337857.98468942,2565,0.07447578,0.80000000
High displacement,1,fixed_0.2,-3056820.15475979,2656,0.12717488,0.20000000
High displacement,1,fixed_0.5,-2402083.47935372,2190,0.08108873,0.50000000
High displacement,1,fixed_0.8,-2264061.01309728,2599,0.06645729,0.80000000
High displacement,1,adaptive,-2264061.01309728,2599,0.06645729,0.80000000
High displacement,1,delayed,-2264061.01309728,2599,0.06645729,0.80000000
High displacement,2,fixed_0.2,-3074170.44828891,2689,0.12558042,0.20000000
High displacement,2,fixed_0.5,-2386070.32942602,2193,0.07944058,0.50000000
High displacement,2,fixed_0.8,-2273314.23364435,2643,0.06573505,0.80000000
High displacement,2,adaptive,-2273314.23364435,2643,0.06573505,0.80000000
High displacement,2,delayed,-2273314.23364435,2643,0.06573505,0.80000000
High displacement,3,fixed_0.2,-3097734.20399959,2651,0.12674218,0.20000000
High displacement,3,fixed_0.5,-2419956.69344203,2165,0.07925342,0.50000000
High displacement,3,fixed_0.8,-2305579.89945961,2582,0.06548087,0.80000000
High displacement,3,adaptive,-2305579.89945961,2582,0.06548087,0.80000000
High displacement,3,delayed,-2305579.89945961,2582,0.06548087,0.80000000
High displacement,4,fixed_0.2,-3107567.04067706,2735,0.12576065,0.20000000
High displacement,4,fixed_0.5,-2442139.38878227,2221,0.08203741,0.50000000
High displacement,4,fixed_0.8,-2308025.85946195,2641,0.06756304,0.80000000
High displacement,4,adaptive,-2308025.85946195,2641,0.06756304,0.80000000
High displacement,4,delayed,-2308025.85946195,2641,0.06756304,0.80000000
High displacement,5,fixed_0.2,-3121352.88060681,2594,0.13463339,0.20000000
High displacement,5,fixed_0.5,-2458611.63558341,2137,0.08621274,0.50000000
High displacement,5,fixed_0.8,-2347190.98891135,2532,0.07684169,0.80000000
High displacement,5,adaptive,-2347190.98891135,2532,0.07684169,0.80000000
High displacement,5,delayed,-2347190.98891135,2532,0.07684169,0.80000000
High displacement,6,fixed_0.2,-3115723.74767028,2663,0.12967296,0.20000000
High displacement,6,fixed_0.5,-2478969.71598553,2218,0.08512550,0.50000000
High displacement,6,fixed_0.8,-2328021.06416245,2599,0.07122158,0.80000000
High displacement,6,adaptive,-2328021.06416245,2599,0.07122158,0.80000000
High displacement,6,delayed,-2328021.06416245,2599,0.07122158,0.80000000
High displacement,7,fixed_0.2,-3124136.85542383,2659,0.13103269,0.20000000
High displacement,7,fixed_0.5,-2459733.09916661,2170,0.08835905,0.50000000
High displacement,7,fixed_0.8,-2313406.60569220,2592,0.07312462,0.80000000
High displacement,7,adaptive,-2313406.60569220,2592,0.07312462,0.80000000
High displacement,7,delayed,-2313406.60569220,2592,0.07312462,0.80000000
High displacement,8,fixed_0.2,-3083640.27621777,2690,0.12565800,0.20000000
High displacement,8,fixed_0.5,-2420200.87690407,2236,0.07846458,0.50000000
High displacement,8,fixed_0.8,-2290766.90938160,2625,0.06636872,0.80000000
High displacement,8,adaptive,-2290766.90938160,2625,0.06636872,0.80000000
High displacement,8,delayed,-2290766.90938160,2625,0.06636872,0.80000000
High displacement,9,fixed_0.2,-3154146.99599604,2659,0.13484715,0.20000000
High displacement,9,fixed_0.5,-2484302.44534602,2359,0.08068939,0.50000000
High displacement,9,fixed_0.8,-2343383.22878444,2601,0.07656535,0.80000000
High displacement,9,adaptive,-2343383.22878444,2601,0.07656535,0.80000000
High displacement,9,delayed,-2343383.22878444,2601,0.07656535,0.80000000
High displacement,10,fixed_0.2,-3076890.10684000,2683,0.12604384,0.20000000
High displacement,10,fixed_0.5,-2417707.64420232,2147,0.08519041,0.50000000
High displacement,10,fixed_0.8,-2294431.00456696,2572,0.07112153,0.80000000
High displacement,10,adaptive,-2294431.00456696,2572,0.07112153,0.80000000
High displacement,10,delayed,-2294431.00456696,2572,0.07112153,0.80000000
High displacement,11,fixed_0.2,-3072560.21688532,2675,0.12754544,0.20000000
High displacement,11,fixed_0.5,-2422820.87762803,2142,0.08440605,0.50000000
High displacement,11,fixed_0.8,-2301941.23883278,2592,0.07095084,0.80000000
High displacement,11,adaptive,-2301941.23883278,2592,0.07095084,0.80000000
High displacement,11,delayed,-2301941.23883278,2592,0.07095084,0.80000000
Low arrivals,0,fixed_0.2,-1359731.03677248,385,0.01362253,0.20000000
Low arrivals,0,fixed_0.5,-1013278.87393905,344,0.01373134,0.50000000
Low arrivals,0,fixed_0.8,-824610.47789888,330,0.01308310,0.80000000
Low arrivals,0,adaptive,-1195160.13482806,385,0.01287726,0.34285714
Low arrivals,0,delayed,-1138617.22826113,385,0.01296144,0.39285714
Low arrivals,1,fixed_0.2,-1314056.22411705,421,0.01508388,0.20000000
Low arrivals,1,fixed_0.5,-967482.08298617,377,0.01439655,0.50000000
Low arrivals,1,fixed_0.8,-780266.09384262,365,0.01379625,0.80000000
Low arrivals,1,adaptive,-1123936.42649656,421,0.01492660,0.35000000
Low arrivals,1,delayed,-1068303.23724792,421,0.01460768,0.40000000
Low arrivals,2,fixed_0.2,-1277028.94296480,383,0.01659751,0.20000000
Low arrivals,2,fixed_0.5,-930631.54244866,338,0.01661215,0.50000000
Low arrivals,2,fixed_0.8,-747674.98072684,329,0.01653493,0.80000000
Low arrivals,2,adaptive,-1117404.67655357,383,0.01636290,0.32857143
Low arrivals,2,delayed,-1061729.78630055,385,0.01624206,0.37857143
Low arrivals,3,fixed_0.2,-1333683.01556333,424,0.01408993,0.20000000
Low arrivals,3,fixed_0.5,-999000.03235278,375,0.01371399,0.50000000
Low arrivals,3,fixed_0.8,-820029.82882232,362,0.01311953,0.80000000
Low arrivals,3,adaptive,-1167843.88758385,424,0.01371541,0.33571429
Low arrivals,3,delayed,-1115976.57350335,424,0.01338098,0.38571429
Low arrivals,4,fixed_0.2,-1329320.32293154,415,0.01340277,0.20000000
Low arrivals,4,fixed_0.5,-985638.22048615,352,0.01277435,0.50000000
Low arrivals,4,fixed_0.8,-800443.50678557,341,0.01252382,0.80000000
Low arrivals,4,adaptive,-1171811.84431953,415,0.01310256,0.32857143
Low arrivals,4,delayed,-1120476.20774828,415,0.01282367,0.37857143
Low arrivals,5,fixed_0.2,-1335688.10142017,385,0.01383580,0.20000000
Low arrivals,5,fixed_0.5,-983672.21967199,335,0.01290878,0.50000000
Low arrivals,5,fixed_0.8,-805637.89490562,321,0.01289971,0.80000000
Low arrivals,5,adaptive,-1151466.43489301,385,0.01361931,0.35714286
Low arrivals,5,delayed,-1103444.91431876,385,0.01339175,0.40714286
Low arrivals,6,fixed_0.2,-1321778.46531904,397,0.01520012,0.20000000
Low arrivals,6,fixed_0.5,-995241.47265304,360,0.01430152,0.50000000
Low arrivals,6,fixed_0.8,-804135.91461729,350,0.01421375,0.80000000
Low arrivals,6,adaptive,-1151754.96995652,397,0.01466062,0.35000000
Low arrivals,6,delayed,-1094934.43188507,397,0.01435407,0.40000000
Low arrivals,7,fixed_0.2,-1322842.17697516,380,0.01377305,0.20000000
Low arrivals,7,fixed_0.5,-984979.50859917,338,0.01408572,0.50000000
Low arrivals,7,fixed_0.8,-797329.94050274,318,0.01374727,0.80000000
Low arrivals,7,adaptive,-1159785.62176272,380,0.01337115,0.33571429
Low arrivals,7,delayed,-1110262.81166469,381,0.01350795,0.38571429
Low arrivals,8,fixed_0.2,-1365520.56658983,385,0.01407266,0.20000000
Low arrivals,8,fixed_0.5,-1006772.82166211,344,0.01364924,0.50000000
Low arrivals,8,fixed_0.8,-815110.19855117,331,0.01339652,0.80000000
Low arrivals,8,adaptive,-1188236.20856674,385,0.01376964,0.33571429
Low arrivals,8,delayed,-1141899.90585220,385,0.01407176,0.38571429
Low arrivals,9,fixed_0.2,-1318638.10598586,421,0.01566064,0.20000000
Low arrivals,9,fixed_0.5,-997550.56579116,375,0.01542112,0.50000000
Low arrivals,9,fixed_0.8,-809848.90844691,364,0.01469402,0.80000000
Low arrivals,9,adaptive,-1152935.52889076,421,0.01480290,0.34285714
Low arrivals,9,delayed,-1098137.31516146,422,0.01459974,0.39285714
Low arrivals,10,fixed_0.2,-1319941.21791841,388,0.01546589,0.20000000
Low arrivals,10,fixed_0.5,-993333.12504451,349,0.01515152,0.50000000
Low arrivals,10,fixed_0.8,-815900.82810127,339,0.01536940,0.80000000
Low arrivals,10,adaptive,-1148478.60618902,388,0.01550954,0.35000000
Low arrivals,10,delayed,-1095579.83978116,388,0.01545710,0.40000000
Low arrivals,11,fixed_0.2,-1350241.27251540,413,0.01517578,0.20000000
Low arrivals,11,fixed_0.5,-1016491.63106222,367,0.01490503,0.50000000
Low arrivals,11,fixed_0.8,-824748.16251985,359,0.01470456,0.80000000
Low arrivals,11,adaptive,-1153047.24492582,413,0.01473581,0.35714286
Low arrivals,11,delayed,-1103723.83453706,414,0.01438373,0.40714286
High friction cost,0,fixed_0.2,39317869.86617196,2606,0.12874079,0.20000000
High friction cost,0,fixed_0.5,39601202.26001193,1617,0.07292282,0.50000000
High friction cost,0,fixed_0.8,39439634.61737049,1278,0.03699060,0.80000000
High friction cost,0,adaptive,39439634.61737049,1278,0.03699060,0.80000000
High friction cost,0,delayed,39439634.61737049,1278,0.03699060,0.80000000
High friction cost,1,fixed_0.2,39429560.50906615,2632,0.12180871,0.20000000
High friction cost,1,fixed_0.5,39647241.07985286,1700,0.06817778,0.50000000
High friction cost,1,fixed_0.8,39480428.78574194,1346,0.03230673,0.80000000
High friction cost,1,adaptive,39480428.78574194,1346,0.03230673,0.80000000
High friction cost,1,delayed,39480428.78574194,1346,0.03230673,0.80000000
High friction cost,2,fixed_0.2,39400873.03903545,2672,0.12102279,0.20000000
High friction cost,2,fixed_0.5,39661184.90056311,1693,0.06737715,0.50000000
High friction cost,2,fixed_0.8,39472495.06933311,1361,0.03250298,0.80000000
High friction cost,2,adaptive,39472495.06933311,1361,0.03250298,0.80000000
High friction cost,2,delayed,39472495.06933311,1361,0.03250298,0.80000000
High friction cost,3,fixed_0.2,39392373.70938464,2620,0.12111801,0.20000000
High friction cost,3,fixed_0.5,39639846.07488954,1662,0.06668644,0.50000000
High friction cost,3,fixed_0.8,39440027.86699624,1314,0.03312590,0.80000000
High friction cost,3,adaptive,39440027.86699624,1314,0.03312590,0.80000000
High friction cost,3,delayed,39440027.86699624,1314,0.03312590,0.80000000
High friction cost,4,fixed_0.2,39377611.18528081,2710,0.12033543,0.20000000
High friction cost,4,fixed_0.5,39616013.73022131,1694,0.06996225,0.50000000
High friction cost,4,fixed_0.8,39446156.64951534,1333,0.03481746,0.80000000
High friction cost,4,adaptive,39446156.64951534,1333,0.03481746,0.80000000
High friction cost,4,delayed,39446156.64951534,1333,0.03481746,0.80000000
High friction cost,5,fixed_0.2,39358546.03159782,2571,0.12979737,0.20000000
High friction cost,5,fixed_0.5,39591488.05417384,1595,0.07439385,0.50000000
High friction cost,5,fixed_0.8,39409902.73822936,1232,0.03980412,0.80000000
High friction cost,5,adaptive,39409902.73822936,1232,0.03980412,0.80000000
High friction cost,5,delayed,39409902.73822936,1232,0.03980412,0.80000000
High friction cost,6,fixed_0.2,39368480.14244121,2631,0.12473152,0.20000000
High friction cost,6,fixed_0.5,39565802.97921363,1721,0.07178945,0.50000000
High friction cost,6,fixed_0.8,39400533.91673135,1359,0.03710633,0.80000000
High friction cost,6,adaptive,39400533.91673135,1359,0.03710633,0.80000000
High friction cost,6,delayed,39400533.91673135,1359,0.03710633,0.80000000
High friction cost,7,fixed_0.2,39361461.37885110,2635,0.12652805,0.20000000
High friction cost,7,fixed_0.5,39626774.40368462,1659,0.07466196,0.50000000
High friction cost,7,fixed_0.8,39439522.32013217,1297,0.04025212,0.80000000
High friction cost,7,adaptive,39439522.32013217,1297,0.04025212,0.80000000
High friction cost,7,delayed,39439522.32013217,1297,0.04025212,0.80000000
High friction cost,8,fixed_0.2,39406406.82848933,2667,0.12041170,0.20000000
High friction cost,8,fixed_0.5,39653411.97991414,1684,0.06601149,0.50000000
High friction cost,8,fixed_0.8,39482155.42347289,1295,0.03141328,0.80000000
High friction cost,8,adaptive,39482155.42347289,1295,0.03141328,0.80000000
High friction cost,8,delayed,39482155.42347289,1295,0.03141328,0.80000000
High friction cost,9,fixed_0.2,39332904.59230614,2634,0.12962577,0.20000000
High friction cost,9,fixed_0.5,39591433.61024452,1815,0.06636908,0.50000000
High friction cost,9,fixed_0.8,39414242.69323057,1483,0.03068783,0.80000000
High friction cost,9,adaptive,39414242.69323057,1483,0.03068783,0.80000000
High friction cost,9,delayed,39414242.69323057,1483,0.03068783,0.80000000
High friction cost,10,fixed_0.2,39409345.14054425,2659,0.12127581,0.20000000
High friction cost,10,fixed_0.5,39657344.10657318,1608,0.07196970,0.50000000
High friction cost,10,fixed_0.8,39477573.31984077,1257,0.03673931,0.80000000
High friction cost,10,adaptive,39477573.31984077,1257,0.03673931,0.80000000
High friction cost,10,delayed,39477573.31984077,1257,0.03673931,0.80000000
High friction cost,11,fixed_0.2,39410608.22927472,2658,0.12213540,0.20000000
High friction cost,11,fixed_0.5,39635915.22005764,1657,0.07143701,0.50000000
High friction cost,11,fixed_0.8,39448735.62796309,1293,0.03654714,0.80000000
High friction cost,11,adaptive,39448735.62796309,1293,0.03654714,0.80000000
High friction cost,11,delayed,39448735.62796309,1293,0.03654714,0.80000000
