block,week,week_in_block,channel,saturation,assignment_probability,prior_memory,memory,displaced_out,displaced_in,attack_attempts,indexed_loss
0,0,1,0,0.50000000,0.33333333,0.20000000,0.29000000,145.00000000,145.00000000,1000.00000000,803.14261561
0,0,1,1,0.80000000,0.33333333,0.20000000,0.38000000,190.00000000,136.00000000,946.00000000,436.85790812
0,0,1,2,0.80000000,0.33333333,0.20000000,0.38000000,190.00000000,136.00000000,946.00000000,394.32948161
0,0,1,3,0.20000000,0.33333333,0.20000000,0.20000000,100.00000000,154.00000000,1054.00000000,865.41312362
0,0,1,4,0.20000000,0.33333333,0.20000000,0.20000000,100.00000000,154.00000000,1054.00000000,884.97671845
0,0,1,5,0.50000000,0.33333333,0.20000000,0.29000000,145.00000000,145.00000000,1000.00000000,613.33704535
0,1,2,0,0.50000000,0.33333333,0.20000000,0.35300000,176.50000000,176.50000000,1000.00000000,669.12889044
0,1,2,1,0.80000000,0.33333333,0.20000000,0.50600000,253.00000000,161.20000000,908.20000000,558.14193102
0,1,2,2,0.80000000,0.33333333,0.20000000,0.50600000,253.00000000,161.20000000,908.20000000,414.03768641
0,1,2,3,0.20000000,0.33333333,0.20000000,0.20000000,100.00000000,191.80000000,1091.80000000,995.66229475
0,1,2,4,0.20000000,0.33333333,0.20000000,0.20000000,100.00000000,191.80000000,1091.80000000,1105.57261829
0,1,2,5,0.50000000,0.33333333,0.20000000,0.35300000,176.50000000,176.50000000,1000.00000000,801.36484979
0,2,3,0,0.50000000,0.33333333,0.20000000,0.39710000,198.55000000,198.55000000,1000.00000000,798.39599224
0,2,3,1,0.80000000,0.33333333,0.20000000,0.59420000,297.10000000,178.84000000,881.74000000,423.98486744
0,2,3,2,0.80000000,0.33333333,0.20000000,0.59420000,297.10000000,178.84000000,881.74000000,449.80630165
0,2,3,3,0.20000000,0.33333333,0.20000000,0.20000000,100.00000000,218.26000000,1118.26000000,1143.49587778
0,2,3,4,0.20000000,0.33333333,0.20000000,0.20000000,100.00000000,218.26000000,1118.26000000,740.09022420
0,2,3,5,0.50000000,0.33333333,0.20000000,0.39710000,198.55000000,198.55000000,1000.00000000,841.19460203
0,3,4,0,0.50000000,0.33333333,0.20000000,0.42797000,213.98500000,213.98500000,1000.00000000,771.48244438
0,3,4,1,0.80000000,0.33333333,0.20000000,0.65594000,327.97000000,191.18800000,863.21800000,457.72048316
0,3,4,2,0.80000000,0.33333333,0.20000000,0.65594000,327.97000000,191.18800000,863.21800000,446.98962078
0,3,4,3,0.20000000,0.33333333,0.20000000,0.20000000,100.00000000,236.78200000,1136.78200000,1139.52233941
0,3,4,4,0.20000000,0.33333333,0.20000000,0.20000000,100.00000000,236.78200000,1136.78200000,913.34462182
0,3,4,5,0.50000000,0.33333333,0.20000000,0.42797000,213.98500000,213.98500000,1000.00000000,701.12963514
1,4,1,0,0.80000000,0.33333333,0.42797000,0.53957900,269.78950000,215.78950000,946.00000000,516.25315027
1,4,1,1,0.20000000,0.33333333,0.65594000,0.51915800,259.57900000,217.83160000,958.25260000,686.45601487
1,4,1,2,0.50000000,0.33333333,0.65594000,0.60915800,304.57900000,208.83160000,904.25260000,568.85758235
1,4,1,3,0.20000000,0.33333333,0.20000000,0.20000000,100.00000000,249.74740000,1149.74740000,1147.66263428
1,4,1,4,0.50000000,0.33333333,0.20000000,0.29000000,145.00000000,240.74740000,1095.74740000,775.55559169
1,4,1,5,0.80000000,0.33333333,0.42797000,0.53957900,269.78950000,215.78950000,946.00000000,506.60876046
1,5,2,0,0.80000000,0.33333333,0.42797000,0.61770530,308.85265000,217.05265000,908.20000000,456.00713333
1,5,2,1,0.20000000,0.33333333,0.65594000,0.42341060,211.70530000,236.48212000,1024.77682000,644.62801987
1,5,2,2,0.50000000,0.33333333,0.65594000,0.57641060,288.20530000,221.18212000,932.97682000,653.71556496
1,5,2,3,0.20000000,0.33333333,0.20000000,0.20000000,100.00000000,258.82318000,1158.82318000,954.85241801
1,5,2,4,0.50000000,0.33333333,0.20000000,0.35300000,176.50000000,243.52318000,1067.02318000,729.43948315
1,5,2,5,0.80000000,0.33333333,0.42797000,0.61770530,308.85265000,217.05265000,908.20000000,407.46808670
1,6,3,0,0.80000000,0.33333333,0.42797000,0.67239371,336.19685500,217.93685500,881.74000000,459.42306936
1,6,3,1,0.20000000,0.33333333,0.65594000,0.35638742,178.19371000,249.53748400,1071.34377400,985.55072906
1,6,3,2,0.50000000,0.33333333,0.65594000,0.55348742,276.74371000,229.82748400,953.08377400,612.90728055
1,6,3,3,0.20000000,0.33333333,0.20000000,0.20000000,100.00000000,265.17622600,1165.17622600,992.51985300
1,6,3,4,0.50000000,0.33333333,0.20000000,0.39710000,198.55000000,245.46622600,1046.91622600,639.31876420
1,6,3,5,0.80000000,0.33333333,0.42797000,0.67239371,336.19685500,217.93685500,881.74000000,497.51469216
1,7,4,0,0.80000000,0.33333333,0.42797000,0.71067560,355.33779850,218.55579850,863.21800000,383.80606116
1,7,4,1,0.20000000,0.33333333,0.65594000,0.30947119,154.73559700,258.67623880,1103.94064180,1016.17803071
1,7,4,2,0.50000000,0.33333333,0.65594000,0.53744119,268.72059700,235.87923880,967.15864180,645.62864068
1,7,4,3,0.20000000,0.33333333,0.20000000,0.20000000,100.00000000,269.62335820,1169.62335820,1016.81662782
1,7,4,4,0.50000000,0.33333333,0.20000000,0.42797000,213.98500000,246.82635820,1032.84135820,693.82585533
1,7,4,5,0.80000000,0.33333333,0.42797000,0.71067560,355.33779850,218.55579850,863.21800000,494.73613689
2,8,1,0,0.80000000,0.33333333,0.71067560,0.73747292,368.73645895,218.98905895,850.25260000,416.11164140
2,8,1,1,0.50000000,0.33333333,0.30947119,0.36662984,183.31491790,256.07336716,1072.75844926,720.91081861
2,8,1,2,0.80000000,0.33333333,0.53744119,0.61620884,308.10441790,231.11546716,923.01104926,532.81887247
2,8,1,3,0.20000000,0.33333333,0.20000000,0.20000000,100.00000000,272.73635074,1172.73635074,987.36545073
2,8,1,4,0.20000000,0.33333333,0.42797000,0.35957900,179.78950000,256.77845074,1076.98895074,939.91297226
2,8,1,5,0.50000000,0.33333333,0.71067560,0.64747292,323.73645895,227.98905895,904.25260000,562.11916393
2,9,2,0,0.80000000,0.33333333,0.71067560,0.75623104,378.11552127,219.29234127,841.17682000,440.73905516
2,9,2,1,0.50000000,0.33333333,0.30947119,0.40664089,203.32044253,254.25135701,1050.93091448,566.65508796
2,9,2,2,0.80000000,0.33333333,0.53744119,0.67134619,335.67309253,227.78082701,892.10773448,412.11092493
2,9,2,3,0.20000000,0.33333333,0.20000000,0.20000000,100.00000000,274.91544552,1174.91544552,839.57697459
2,9,2,4,0.20000000,0.33333333,0.42797000,0.31170530,155.85265000,263.74491552,1107.89226552,819.25540098
2,9,2,5,0.50000000,0.33333333,0.71067560,0.60323104,301.61552127,234.59234127,932.97682000,634.96002163
2,10,3,0,0.80000000,0.33333333,0.71067560,0.76936173,384.68086489,219.50463889,834.82377400,364.44409886
2,10,3,1,0.50000000,0.33333333,0.30947119,0.43464862,217.32430977,252.97594991,1035.65164014,769.44606485
2,10,3,2,0.80000000,0.33333333,0.53744119,0.70994233,354.97116477,225.44657891,870.47541414,392.35520021
2,10,3,3,0.20000000,0.33333333,0.20000000,0.20000000,100.00000000,276.44081186,1176.44081186,1227.12408836
2,10,3,4,0.20000000,0.33333333,0.42797000,0.27819371,139.09685500,268.62144086,1129.52458586,1060.08521282
2,10,3,5,0.50000000,0.33333333,0.71067560,0.57226173,286.13086489,239.21463889,953.08377400,686.09474113
2,11,4,0,0.80000000,0.33333333,0.71067560,0.77855321,389.27660542,219.65324722,830.37664180,485.59035382
2,11,4,1,0.50000000,0.33333333,0.30947119,0.45425403,227.12701684,252.08316494,1024.95614810,653.36413621
2,11,4,2,0.80000000,0.33333333,0.53744119,0.73695963,368.47981534,223.81260524,855.33278990,471.79299860
2,11,4,3,0.20000000,0.33333333,0.20000000,0.20000000,100.00000000,277.50856830,1177.50856830,1149.00693071
2,11,4,4,0.20000000,0.33333333,0.42797000,0.25473560,127.36779850,272.03500860,1144.66721010,1069.78076973
2,11,4,5,0.50000000,0.33333333,0.71067560,0.55058321,275.29160542,242.45024722,967.15864180,649.67348761
3,12,1,0,0.20000000,0.33333333,0.77855321,0.60498725,302.49362379,237.75727305,935.26364926,806.46580859
3,12,1,1,0.50000000,0.33333333,0.45425403,0.46797782,233.98891179,251.45821546,1017.46930367,714.80215434
3,12,1,2,0.80000000,0.33333333,0.73695963,0.75587174,377.93587074,222.66882367,844.73295293,409.95162867
3,12,1,3,0.20000000,0.33333333,0.20000000,0.20000000,100.00000000,278.25599781,1178.25599781,1007.33363796
3,12,1,4,0.50000000,0.33333333,0.25473560,0.32831492,164.15745895,265.42450602,1101.26704707,880.57539562
3,12,1,5,0.80000000,0.33333333,0.55058321,0.62540825,312.70412379,235.71517305,923.01104926,475.09654506
3,13,2,0,0.20000000,0.33333333,0.77855321,0.48349107,241.74553666,250.43009114,1008.68455448,952.50235553
3,13,2,1,0.50000000,0.33333333,0.45425403,0.47758448,238.79223825,251.02075082,1012.22851257,716.98669968
3,13,2,2,0.80000000,0.33333333,0.73695963,0.76911022,384.55510952,221.86817657,837.31306705,453.71471877
3,13,2,3,0.20000000,0.33333333,0.20000000,0.20000000,100.00000000,278.77919847,1178.77919847,878.86817873
3,13,2,4,0.50000000,0.33333333,0.25473560,0.37982044,189.91022127,260.79715422,1070.88693295,761.47671809
3,13,2,5,0.80000000,0.33333333,0.55058321,0.67778577,338.89288666,231.00062114,892.10773448,542.57950689
3,14,3,0,0.20000000,0.33333333,0.77855321,0.39844375,199.22187566,259.30106380,1060.07918814,1178.97528377
3,14,3,1,0.50000000,0.33333333,0.45425403,0.48430913,242.15456678,250.71452557,1008.55995880,647.20129738
3,14,3,2,0.80000000,0.33333333,0.73695963,0.77837715,389.18857666,221.30772360,832.11914693,432.35149881
3,14,3,3,0.20000000,0.33333333,0.20000000,0.20000000,100.00000000,279.14543893,1179.14543893,1028.01162376
3,14,3,4,0.50000000,0.33333333,0.25473560,0.41587431,207.93715489,257.55800795,1049.62085307,721.54926276
3,14,3,5,0.80000000,0.33333333,0.55058321,0.71445004,357.22502066,227.70043480,870.47541414,393.21912623
3,15,4,0,0.20000000,0.33333333,0.77855321,0.33891063,169.45531296,265.51074466,1096.05543170,995.88861776
3,15,4,1,0.50000000,0.33333333,0.45425403,0.48901639,244.50819674,250.50016790,1005.99197116,686.87488344
3,15,4,2,0.80000000,0.33333333,0.73695963,0.78486401,392.43200366,220.91540652,828.48340285,420.93393256
3,15,4,3,0.20000000,0.33333333,0.20000000,0.20000000,100.00000000,279.40180725,1179.40180725,1115.09853679
3,15,4,4,0.50000000,0.33333333,0.25473560,0.44111202,220.55600842,255.29060557,1034.73459715,645.61532216
3,15,4,5,0.80000000,0.33333333,0.55058321,0.74011503,370.05751446,225.39030436,855.33278990,428.56271943
4,16,1,0,0.20000000,0.33333333,0.33891063,0.29723744,148.61871907,269.85752126,1121.23880219,789.01175131
4,16,1,1,0.20000000,0.33333333,0.48901639,0.40231148,201.15573772,259.35011753,1058.19437981,883.84553029
4,16,1,2,0.50000000,0.33333333,0.78486401,0.69940481,349.70240256,229.64078456,879.93838200,686.23482608
4,16,1,3,0.80000000,0.33333333,0.20000000,0.38000000,190.00000000,261.58126507,1071.58126507,518.75518439
4,16,1,4,0.50000000,0.33333333,0.44111202,0.45877841,229.38920589,253.70342390,1024.31421800,694.28058246
4,16,1,5,0.80000000,0.33333333,0.74011503,0.75808052,379.04026012,223.77321305,844.73295293,387.31860040
4,17,2,0,0.20000000,0.33333333,0.33891063,0.26806621,134.03310335,272.90026488,1138.86716153,967.54312319
4,17,2,1,0.20000000,0.33333333,0.48901639,0.34161803,170.80901640,265.54508227,1094.73606587,1023.85908924
4,17,2,2,0.50000000,0.33333333,0.78486401,0.63958336,319.79168179,235.74854919,915.95686740,618.83915232
4,17,2,3,0.80000000,0.33333333,0.20000000,0.50600000,253.00000000,249.10688555,996.10688555,525.18359214
4,17,2,4,0.50000000,0.33333333,0.44111202,0.47114489,235.57244413,252.59239673,1017.01995260,613.09086776
4,17,2,5,0.80000000,0.33333333,0.74011503,0.77065636,385.32818209,222.64124914,837.31306705,403.40078755
4,18,3,0,0.20000000,0.33333333,0.33891063,0.24764634,123.82317235,275.03018542,1151.20701307,1038.86960316
4,18,3,1,0.20000000,0.33333333,0.48901639,0.29913262,149.56631148,269.88155759,1120.31524611,1137.98730292
4,18,3,2,0.50000000,0.33333333,0.78486401,0.59770835,298.85417726,240.02398444,941.16980718,608.12166844
4,18,3,3,0.80000000,0.33333333,0.20000000,0.59420000,297.10000000,240.37481989,943.27481989,616.72264663
4,18,3,4,0.50000000,0.33333333,0.44111202,0.47980142,239.90071089,251.81467771,1011.91396682,762.90864848
4,18,3,5,0.80000000,0.33333333,0.74011503,0.77945945,389.72972746,221.84887439,832.11914693,366.95471715
4,19,4,0,0.20000000,0.33333333,0.33891063,0.23335244,116.67622064,276.52112979,1159.84490915,929.37772862
4,19,4,1,0.20000000,0.33333333,0.48901639,0.26939284,134.69641804,272.91709031,1138.22067228,948.33469663
4,19,4,2,0.50000000,0.33333333,0.78486401,0.56839585,284.19792408,243.01678910,958.81886503,698.96776927
4,19,4,3,0.80000000,0.33333333,0.20000000,0.65594000,327.97000000,234.26237392,906.29237392,440.33275621
4,19,4,4,0.50000000,0.33333333,0.44111202,0.48586100,242.93049762,251.27027440,1008.33977677,780.43082146
4,19,4,5,0.80000000,0.33333333,0.74011503,0.78562162,392.81080922,221.29421208,828.48340285,358.58750533
5,20,1,0,0.20000000,0.33333333,0.23335244,0.22334671,111.67335445,277.56479085,1165.89143641,1115.49410591
5,20,1,1,0.50000000,0.33333333,0.26939284,0.33857499,169.28749263,266.04196322,1096.75447059,714.38753173
5,20,1,2,0.20000000,0.33333333,0.56839585,0.45787709,228.93854686,254.11175237,1025.17320552,973.07940886
5,20,1,3,0.80000000,0.33333333,0.65594000,0.69915800,349.57900000,229.98366174,880.40466174,451.04032847
5,20,1,4,0.50000000,0.33333333,0.48586100,0.49010270,245.05134834,250.88919208,1005.83784374,647.18226972
5,20,1,5,0.80000000,0.33333333,0.78562162,0.78993513,394.96756646,220.90594845,825.93838200,378.68243681
5,21,2,0,0.20000000,0.33333333,0.23335244,0.21634270,108.17134811,278.29535360,1170.12400548,870.75790161
5,21,2,1,0.50000000,0.33333333,0.26939284,0.38700249,193.50124484,261.22937425,1067.72812941,776.33607419
5,21,2,2,0.20000000,0.33333333,0.56839585,0.38051397,190.25698280,261.87822666,1071.62124386,925.07681275
5,21,2,3,0.80000000,0.33333333,0.65594000,0.72941060,364.70530000,226.98856322,862.28326322,436.45173574
5,21,2,4,0.50000000,0.33333333,0.48586100,0.49307189,246.53594383,250.62243445,1004.08649062,638.48551037
5,21,2,5,0.80000000,0.33333333,0.78562162,0.79295459,396.47729652,220.63416392,824.15686740,399.70778777
5,22,3,0,0.20000000,0.33333333,0.23335244,0.21143989,105.71994368,278.80674752,1173.08680384,967.50623734
5,22,3,1,0.50000000,0.33333333,0.26939284,0.42090174,210.45087139,257.86056198,1047.40969059,682.22844999
5,22,3,2,0.20000000,0.33333333,0.56839585,0.32635978,163.17988796,267.31475866,1104.13487070,902.85899015
5,22,3,3,0.80000000,0.33333333,0.65594000,0.75058742,375.29371000,224.89199425,849.59828425,445.73004289
5,22,3,4,0.50000000,0.33333333,0.48586100,0.49515032,247.57516068,250.43570412,1002.86054343,721.14033762
5,22,3,5,0.80000000,0.33333333,0.78562162,0.79506822,397.53410756,220.44391474,822.90980718,421.50313426
5,23,4,0,0.20000000,0.33333333,0.23335244,0.20800792,104.00396058,279.16472326,1175.16076269,799.55635623
5,23,4,1,0.50000000,0.33333333,0.26939284,0.44463122,222.31560997,255.50239338,1033.18678341,657.15946944
5,23,4,2,0.20000000,0.33333333,0.56839585,0.28845184,144.22592157,271.12033106,1126.89440949,994.64531719
5,23,4,3,0.80000000,0.33333333,0.65594000,0.76541119,382.70559700,223.42439598,840.71879898,444.12965395
5,23,4,4,0.50000000,0.33333333,0.48586100,0.49660522,248.30261248,250.30499288,1002.00238040,780.78094442
5,23,4,5,0.80000000,0.33333333,0.78562162,0.79654775,398.27387529,220.31074032,822.03686503,489.18516872
6,24,1,0,0.50000000,0.33333333,0.20800792,0.29560554,147.80277240,270.41530628,1122.61253388,902.04256240
6,24,1,1,0.20000000,0.33333333,0.44463122,0.37124185,185.62092698,262.85167537,1077.23074839,1002.76203147
6,24,1,2,0.80000000,0.33333333,0.28845184,0.44191629,220.95814510,255.78423174,1034.82608664,486.24075728
6,24,1,3,0.80000000,0.33333333,0.76541119,0.77578784,387.89391790,222.39707718,834.50315928,450.44273203
6,24,1,4,0.50000000,0.33333333,0.49660522,0.49762366,248.81182874,250.21349502,1001.40166628,687.51416199
6,24,1,5,0.20000000,0.33333333,0.79654775,0.61758343,308.79171271,238.21751822,929.42580552,977.45309045
6,25,2,0,0.50000000,0.33333333,0.20800792,0.35692388,178.46194068,264.29071440,1085.82877372,844.50740768
6,25,2,1,0.20000000,0.33333333,0.44463122,0.31986930,159.93464889,267.99617276,1108.06152387,974.27352482
6,25,2,2,0.80000000,0.33333333,0.28845184,0.54934140,274.67070157,245.04896222,970.37826065,492.99409733
6,25,2,3,0.80000000,0.33333333,0.76541119,0.78305149,391.52574253,221.67795403,830.15221150,405.98247598
6,25,2,4,0.50000000,0.33333333,0.49660522,0.49833656,249.16828011,250.14944651,1000.98116640,655.00169314
6,25,2,5,0.20000000,0.33333333,0.79654775,0.49230840,246.15419889,250.75226276,1004.59806386,840.76051830
6,26,3,0,0.50000000,0.33333333,0.20800792,0.39984672,199.92335848,260.00350008,1060.08014160,766.62747039
6,26,3,1,0.20000000,0.33333333,0.44463122,0.28390851,141.95425422,271.59732093,1129.64306671,872.82025885
6,26,3,2,0.80000000,0.33333333,0.28845184,0.62453898,312.26949110,237.53427355,925.26478246,403.74134692
6,26,3,3,0.80000000,0.33333333,0.76541119,0.78813604,394.06801977,221.17456782,827.10654805,344.10886333
6,26,3,4,0.50000000,0.33333333,0.49660522,0.49883559,249.41779608,250.10461256,1000.68681648,754.53011965
6,26,3,5,0.20000000,0.33333333,0.79654775,0.40461588,202.30793923,259.52658393,1057.21864470,937.06718530
6,27,4,0,0.50000000,0.33333333,0.20800792,0.42989270,214.94635093,257.00245006,1042.05609912,779.32689786
6,27,4,1,0.20000000,0.33333333,0.44463122,0.25873596,129.36797795,274.11812465,1144.75014670,844.67419248
6,27,4,2,0.80000000,0.33333333,0.28845184,0.67717729,338.58864377,232.27399149,893.68534772,510.64122184
6,27,4,3,0.80000000,0.33333333,0.76541119,0.79169523,395.84761384,220.82219747,824.97458363,403.58053705
6,27,4,4,0.50000000,0.33333333,0.49660522,0.49918491,249.59245726,250.07322879,1000.48077153,678.57998299
6,27,4,5,0.20000000,0.33333333,0.79654775,0.34323111,171.61555746,265.66860875,1094.05305129,853.12584224
7,28,1,0,0.20000000,0.33333333,0.42989270,0.36092489,180.46244565,263.90171504,1083.43926938,853.42276138
7,28,1,1,0.20000000,0.33333333,0.25873596,0.24111517,120.55758457,275.88268726,1155.32510269,877.99707198
7,28,1,2,0.80000000,0.33333333,0.67717729,0.71402410,357.01205064,228.59179404,871.57974340,420.04312198
7,28,1,3,0.50000000,0.33333333,0.79169523,0.70418666,352.09332969,229.57553823,877.48220854,592.46369382
7,28,1,4,0.50000000,0.33333333,0.49918491,0.49942944,249.71472008,250.05126015,1000.33654007,734.83253684
7,28,1,5,0.80000000,0.33333333,0.34323111,0.48026178,240.13089022,251.96802613,1011.83713590,519.22594851
7,29,2,0,0.20000000,0.33333333,0.42989270,0.31264742,156.32371196,268.73120053,1112.40748857,980.78439681
7,29,2,1,0.20000000,0.33333333,0.25873596,0.22878062,114.39030920,277.11788108,1162.72757188,1119.55942374
7,29,2,2,0.80000000,0.33333333,0.67717729,0.73981687,369.90843545,226.01425583,856.10582038,448.64393129
7,29,2,3,0.50000000,0.33333333,0.79169523,0.64293066,321.46533078,235.70287676,914.23754598,730.11933473
7,29,2,4,0.50000000,0.33333333,0.49918491,0.49960061,249.80030406,250.03588211,1000.23557805,736.61818995
7,29,2,5,0.80000000,0.33333333,0.34323111,0.57618325,288.09162315,242.37761829,954.28599513,558.96400003
7,30,3,0,0.20000000,0.33333333,0.42989270,0.27885320,139.42659837,272.11184037,1132.68524200,995.08169063
7,30,3,1,0.20000000,0.33333333,0.25873596,0.22014643,110.07321644,277.98251676,1167.90930032,977.36273609
7,30,3,2,0.80000000,0.33333333,0.67717729,0.75787181,378.93590481,224.20997908,845.27407427,498.23808297
7,30,3,3,0.50000000,0.33333333,0.79169523,0.60005146,300.02573155,239.99201373,939.96628219,674.55783587
7,30,3,4,0.50000000,0.33333333,0.49918491,0.49972043,249.86021284,250.02511748,1000.16490464,745.90530645
7,30,3,5,0.80000000,0.33333333,0.34323111,0.64332827,321.66413621,235.66433280,914.00019659,541.35298062
7,31,4,0,0.20000000,0.33333333,0.42989270,0.25519724,127.59861886,274.47828826,1146.87966940,938.40383940
7,31,4,1,0.20000000,0.33333333,0.25873596,0.21410250,107.05125151,278.58776173,1171.53651022,1232.08842583
7,31,4,2,0.80000000,0.33333333,0.67717729,0.77051027,385.25513337,222.94698536,837.69185199,482.12366445
7,31,4,3,0.50000000,0.33333333,0.79169523,0.57003602,285.01801208,242.99440961,957.97639753,566.29081295
7,31,4,4,0.50000000,0.33333333,0.49918491,0.49980430,249.90214899,250.01758223,1000.11543325,643.42534233
7,31,4,5,0.80000000,0.33333333,0.34323111,0.69032979,345.16489535,230.96503296,885.80013762,472.11059645
8,32,1,0,0.80000000,0.33333333,0.25519724,0.41863807,209.31903320,258.13480178,1048.81576858,524.68772743
8,32,1,1,0.20000000,0.33333333,0.21410250,0.20987175,104.93587605,279.01143321,1174.07555716,905.95370439
8,32,1,2,0.20000000,0.33333333,0.77051027,0.59935719,299.67859336,240.06288975,940.38429639,782.45455629
8,32,1,3,0.50000000,0.33333333,0.57003602,0.54902522,274.51260846,245.09608673,970.58347827,720.81502713
8,32,1,4,0.50000000,0.33333333,0.49980430,0.49986301,249.93150429,250.01230756,1000.08080327,745.45746110
8,32,1,5,0.80000000,0.33333333,0.69032979,0.72323085,361.61542674,227.67552307,866.06009633,471.62462143
8,33,2,0,0.80000000,0.33333333,0.25519724,0.53304665,266.52332324,246.69436125,980.17103801,535.06553673
8,33,2,1,0.20000000,0.33333333,0.21410250,0.20691023,103.45511324,279.30800325,1175.85289001,1022.58085213
8,33,2,2,0.20000000,0.33333333,0.77051027,0.47955003,239.77501535,252.04402282,1012.26900747,781.46499916
8,33,2,3,0.50000000,0.33333333,0.57003602,0.53431765,267.15882592,246.56726071,979.40843479,738.38703691
8,33,2,4,0.50000000,0.33333333,0.49980430,0.49990411,249.95205300,250.00861529,1000.05656229,654.95648035
8,33,2,5,0.80000000,0.33333333,0.69032979,0.74626160,373.13079872,225.37286615,852.24206743,427.58281920
8,34,3,0,0.80000000,0.33333333,0.25519724,0.61313265,306.56632627,238.68605287,932.11972660,486.70595161
8,34,3,1,0.20000000,0.33333333,0.21410250,0.20483716,102.41857927,279.51560227,1177.09702301,1147.44749961
8,34,3,2,0.20000000,0.33333333,0.77051027,0.39568502,197.84251075,260.43081598,1062.58830523,985.00788048
8,34,3,3,0.50000000,0.33333333,0.57003602,0.52402236,262.01117814,247.59708250,985.58590435,671.55730739
8,34,3,4,0.50000000,0.33333333,0.49980430,0.49993287,249.96643710,250.00603071,1000.03959360,691.83527709
8,34,3,5,0.80000000,0.33333333,0.69032979,0.76238312,381.19155910,223.76100631,842.56944720,449.89941187
8,35,4,0,0.80000000,0.33333333,0.25519724,0.66919286,334.59642839,233.08023701,898.48380862,440.27167479
8,35,4,1,0.20000000,0.33333333,0.21410250,0.20338601,101.69300549,279.66092159,1177.96791610,949.45498854
8,35,4,2,0.20000000,0.33333333,0.77051027,0.33697952,168.48975752,266.30157118,1097.81181366,867.81191457
8,35,4,3,0.50000000,0.33333333,0.57003602,0.51681565,258.40782470,248.31795775,989.91013305,687.80803866
8,35,4,4,0.50000000,0.33333333,0.49980430,0.49995301,249.97650597,250.00422149,1000.02771552,688.41376961
8,35,4,5,0.80000000,0.33333333,0.69032979,0.77366818,386.83409137,222.63270441,835.79861304,385.77647431
9,36,1,0,0.20000000,0.33333333,0.66919286,0.52843500,264.21749987,247.15616591,982.93866604,768.86230253
9,36,1,1,0.50000000,0.33333333,0.20338601,0.29237021,146.18510384,270.76264511,1124.57754127,705.76959469
9,36,1,2,0.20000000,0.33333333,0.33697952,0.29588566,147.94283027,270.41109983,1122.46826956,881.86485227
9,36,1,3,0.80000000,0.33333333,0.51681565,0.60177095,300.88547729,239.82257042,938.93709313,408.04010922
9,36,1,4,0.80000000,0.33333333,0.49995301,0.58996711,294.98355418,241.00295505,946.01940087,513.23505383
9,36,1,5,0.50000000,0.33333333,0.77366818,0.69156773,345.78386396,230.84289309,885.05902913,673.44800774
9,37,2,0,0.20000000,0.33333333,0.66919286,0.42990450,214.95224991,257.00931614,1042.05706623,944.32714673
9,37,2,1,0.50000000,0.33333333,0.20338601,0.35465915,177.32957269,264.53385158,1087.20427889,686.03839206
9,37,2,2,0.20000000,0.33333333,0.33697952,0.26711996,133.55998119,273.28776988,1139.72778869,1174.16071038
9,37,2,3,0.80000000,0.33333333,0.51681565,0.66123967,330.61983410,233.87579930,903.25596519,331.26914607
9,37,2,4,0.80000000,0.33333333,0.49995301,0.65297698,326.48848793,234.70206853,908.21358061,462.17354328
9,37,2,5,0.50000000,0.33333333,0.77366818,0.63409741,317.04870477,236.59002516,919.54132039,622.55881287
9,38,3,0,0.20000000,0.33333333,0.66919286,0.36093315,180.46657494,263.90652129,1083.43994636,857.71569581
9,38,3,1,0.50000000,0.33333333,0.20338601,0.39826140,199.13070088,260.17369611,1061.04299522,617.16330397
9,38,3,2,0.20000000,0.33333333,0.33697952,0.24698397,123.49198683,275.30143892,1151.80945209,1064.86946072
9,38,3,3,0.80000000,0.33333333,0.51681565,0.70286777,351.43388387,229.71305951,878.27917564,445.86055054
9,38,3,4,0.80000000,0.33333333,0.49995301,0.69708388,348.54194155,230.29144797,881.74950642,434.96412358
9,38,3,5,0.50000000,0.33333333,0.77366818,0.59386819,296.93409334,240.61301761,943.67892427,693.51950988
9,39,4,0,0.20000000,0.33333333,0.66919286,0.31265320,156.32660246,268.73456491,1112.40796245,1035.07090246
9,39,4,1,0.50000000,0.33333333,0.20338601,0.42878298,214.39149062,257.12158727,1042.73009666,623.46073133
9,39,4,2,0.20000000,0.33333333,0.33697952,0.23288878,116.44439078,276.71100724,1160.26661646,1029.98606074
9,39,4,3,0.80000000,0.33333333,0.51681565,0.73200744,366.00371871,226.79914166,860.79542294,511.49219730
9,39,4,4,0.80000000,0.33333333,0.49995301,0.72795872,363.97935908,227.20401358,863.22465450,433.14990039
9,39,4,5,0.50000000,0.33333333,0.77366818,0.56570773,282.85386534,243.42911233,960.57524699,608.11307423
10,40,1,0,0.80000000,0.33333333,0.31265320,0.45885724,229.42862172,254.11419543,1024.68557372,499.25807991
10,40,1,1,0.20000000,0.33333333,0.42878298,0.36014809,180.07404343,263.98511109,1083.91106766,885.95795248
10,40,1,2,0.50000000,0.33333333,0.23288878,0.31302215,156.51107355,268.69770507,1112.18663152,643.43629876
10,40,1,3,0.80000000,0.33333333,0.73200744,0.75240521,376.20260310,224.75939916,848.55679606,439.19788706
10,40,1,4,0.50000000,0.33333333,0.72795872,0.65957110,329.78555136,234.04280951,904.25725815,557.39249684
10,40,1,5,0.20000000,0.33333333,0.56570773,0.45599541,227.99770574,254.40037863,1026.40267289,780.10440055
10,41,2,0,0.80000000,0.33333333,0.31265320,0.56120007,280.60003520,243.87993680,963.27990160,470.51650784
10,41,2,1,0.20000000,0.33333333,0.42878298,0.31210366,156.05183040,268.78957776,1112.73774736,1024.35021887
10,41,2,2,0.50000000,0.33333333,0.23288878,0.36911550,184.55775148,263.08839355,1078.53064207,749.21848275
10,41,2,3,0.80000000,0.33333333,0.73200744,0.76668364,383.34182217,223.33157941,839.98975724,369.20499248
10,41,2,4,0.50000000,0.33333333,0.72795872,0.61169977,305.84988595,238.82996665,932.98008070,600.70699580
10,41,2,5,0.20000000,0.33333333,0.56570773,0.37919679,189.59839402,262.08026504,1072.48187103,1086.65195423
10,42,3,0,0.80000000,0.33333333,0.31265320,0.63284005,316.42002464,236.71595576,920.29593112,556.33479618
10,42,3,1,0.20000000,0.33333333,0.42878298,0.27847256,139.23628128,272.15270443,1132.91642315,937.95670212
10,42,3,2,0.50000000,0.33333333,0.23288878,0.40838085,204.19042604,259.16187548,1054.97144945,688.71970919
10,42,3,3,0.80000000,0.33333333,0.73200744,0.77667855,388.33927552,222.33210559,833.99283007,352.27417760
10,42,3,4,0.50000000,0.33333333,0.72795872,0.57818984,289.09492017,242.18097666,953.08605649,635.91726797
10,42,3,5,0.20000000,0.33333333,0.56570773,0.32543775,162.71887581,267.45618553,1104.73730972,783.08376038
10,43,4,0,0.80000000,0.33333333,0.31265320,0.68298803,341.49401725,231.70116903,890.20715178,438.95968574
10,43,4,1,0.20000000,0.33333333,0.42878298,0.25493079,127.46539690,274.50689310,1147.04149621,948.78592303
10,43,4,2,0.50000000,0.33333333,0.23288878,0.43586660,217.93329823,256.41331284,1038.48001461,768.18467474
10,43,4,3,0.80000000,0.33333333,0.73200744,0.78367499,391.83749286,221.63247391,829.79498105,370.67489670
10,43,4,4,0.50000000,0.33333333,0.72795872,0.55473289,277.36644412,244.52668366,967.16023954,740.30253643
10,43,4,5,0.20000000,0.33333333,0.56570773,0.28780643,143.90321307,271.21932987,1127.31611680,933.57318923
11,44,1,0,0.80000000,0.33333333,0.68298803,0.71809162,359.04581207,228.19081832,869.14500625,482.18889982
11,44,1,1,0.80000000,0.33333333,0.25493079,0.41845156,209.22577783,258.15482517,1048.92904735,534.00974704
11,44,1,2,0.20000000,0.33333333,0.43586660,0.36510662,182.55330876,263.48931899,1080.93601023,918.72347925
11,44,1,3,0.50000000,0.33333333,0.78367499,0.69857249,349.28624500,230.14273174,880.85648673,753.64648443
11,44,1,4,0.20000000,0.33333333,0.55473289,0.44831302,224.15651088,255.16867856,1031.01216768,839.10052954
11,44,1,5,0.50000000,0.33333333,0.28780643,0.35146450,175.73224915,264.85353091,1089.12128176,657.52895062
11,45,2,0,0.80000000,0.33333333,0.68298803,0.74266414,371.33206845,225.73357283,854.40150437,425.09038701
11,45,2,1,0.80000000,0.33333333,0.25493079,0.53291609,266.45804448,246.70837762,980.25033314,541.69591475
11,45,2,2,0.20000000,0.33333333,0.43586660,0.31557463,157.78731613,268.44252329,1110.65520716,802.54150517
11,45,2,3,0.50000000,0.33333333,0.78367499,0.63900074,319.50037150,236.09991222,916.59954071,786.00241333
11,45,2,4,0.20000000,0.33333333,0.55473289,0.37381912,186.90955762,262.61807499,1075.70851738,928.81492168
11,45,2,5,0.50000000,0.33333333,0.28780643,0.39602515,198.01257440,260.39747164,1062.38489723,682.66195042
11,46,3,0,0.80000000,0.33333333,0.68298803,0.75986490,379.93244792,224.01350098,844.08105306,365.87052607
11,46,3,1,0.80000000,0.33333333,0.25493079,0.61304126,306.52063114,238.69586433,932.17523320,492.11457854
11,46,3,2,0.20000000,0.33333333,0.43586660,0.28090224,140.45112129,271.90976630,1131.45864501,988.37667179
11,46,3,3,0.50000000,0.33333333,0.78367499,0.59730052,298.65026005,240.26993855,941.61967850,731.94700307
11,46,3,4,0.20000000,0.33333333,0.55473289,0.32167338,160.83669033,267.83265250,1106.99596216,1107.78946606
11,46,3,5,0.50000000,0.33333333,0.28780643,0.42721760,213.60880208,257.27823015,1043.66942806,801.49704998
11,47,4,0,0.80000000,0.33333333,0.68298803,0.77190543,385.95271354,222.80945069,836.85673714,436.90681209
11,47,4,1,0.80000000,0.33333333,0.25493079,0.66912888,334.56444180,233.08710503,898.52266324,499.94810269
11,47,4,2,0.20000000,0.33333333,0.43586660,0.25663157,128.31578490,274.33683641,1146.02105151,968.91457431
11,47,4,3,0.50000000,0.33333333,0.78367499,0.56811036,284.05518204,243.18895699,959.13377495,725.41675916
11,47,4,4,0.20000000,0.33333333,0.55473289,0.28517137,142.58568323,271.48285675,1128.89717351,889.85421493
11,47,4,5,0.50000000,0.33333333,0.28780643,0.44905232,224.52616146,255.09476110,1030.56859964,743.02779443
